機構代碼,機構名稱,電話,縣市區名,地址,科別,Response_Address,Response_X,Response_Y
7101100026,臺北市立聯合醫院附設林森中醫居家護理所,,,臺北市中山區林森北路530號,,,121.525526,25.063451
7501020012,臺北市立聯合醫院附設仁愛居家護理所,,,臺北市大安區仁愛路四段10號,,,121.545302,25.03754
7501090014,臺北市立聯合醫院附設中興居家護理所,,,臺北市大同區鄭州路145號,,,121.508887,25.050692
7501120017,臺北市立聯合醫院附設忠孝居家護理所,,,臺北市南港區同德路87號,,,121.586157,25.046506
7501150015,臺北市立聯合醫院附設陽明居家護理所,,,臺北市士林區雨聲街105號,,,121.531566,25.105194
7501180022,臺北市立聯合醫院附設和平婦幼居家護理所,,,臺北市中正區中華路二段33號,,,121.506703,25.035591
1101010012,長庚醫療財團法人台北長庚紀念醫院,0227135211,臺北市松山區,臺北市松山區敦化北路199號、197號、臺北市松山區敦化北路199巷6號,"家庭醫學科,內科,外科,兒科,婦產科,骨科,神經科,神經外科,泌尿科,耳鼻喉科,眼科,皮膚科,精神科,復健科,麻醉科,放射診斷科,放射腫瘤科,解剖病理科,核子醫學科,急診醫學科,整形外科,西醫一般科,牙醫一般科,中醫一般科,",臺北市松山區中正里10鄰敦化北路6號,121.548556,25.050232
1101010021,基督復臨安息日會醫療財團法人臺安醫院,0227718151,臺北市松山區,"臺北市松山區八德路二段424,426號","家庭醫學科,內科,外科,兒科,婦產科,骨科,神經科,神經外科,泌尿科,耳鼻喉科,眼科,皮膚科,精神科,復健科,麻醉科,放射診斷科,解剖病理科,急診醫學科,整形外科,職業醫學科,牙醫一般科,",臺北市松山區中正里2鄰八德路二段449號,121.547323,25.048307
0907150029,秀傳醫療社團法人高雄秀傳紀念醫院,,,高雄市路竹區北嶺六路100號,,,120.265961,22.834333
1102110011,高雄市立小港醫院(委託財團法人私立高雄醫學大學經營),07 8036783,高雄市小港區,高雄市小港區山明里山明路482號B1-10樓、宏光街289號B3-10樓,"家庭醫學科,內科,外科,兒科,婦產科,骨科,神經科,泌尿科,耳鼻喉科,眼科,皮膚科,精神科,復健科,麻醉科,放射診斷科,放射腫瘤科,解剖病理科,核子醫學科,急診醫學科,職業醫學科,牙醫一般科,",高雄市小港區山明里20鄰山明路482號,120.363369,22.567467
1105040016,台灣基督長老教會新樓醫療財團法人麻豆新樓醫院,06-5702228,臺南市麻豆區,臺南市麻豆區麻佳路一段207號,"家庭醫學科,內科,外科,兒科,婦產科,骨科,神經科,神經外科,泌尿科,耳鼻喉科,眼科,皮膚科,精神科,復健科,麻醉科,放射診斷科,急診醫學科,整形外科,職業醫學科,牙醫一般科,中醫一般科,",臺南市麻豆區埤頭里11鄰麻佳路一段207號,120.233033,23.179874
1105050012,奇美醫療財團法人佳里奇美醫院,06-7263333,臺南市佳里區,臺南市佳里區佳興里佳里興606號,"家庭醫學科,內科,外科,兒科,婦產科,骨科,神經科,神經外科,泌尿科,眼科,復健科,麻醉科,放射診斷科,急診醫學科,整形外科,職業醫學科,牙醫一般科,",臺南市佳里區佳興里6鄰佳里興606號,120.183662,23.181698
1107120017,義大醫療財團法人義大癌治療醫院,07-6150022,高雄市燕巢區,高雄市燕巢區角宿里義大路21號B2-10F,"家庭醫學科,內科,外科,兒科,婦產科,骨科,神經科,神經外科,泌尿科,耳鼻喉科,皮膚科,精神科,復健科,麻醉科,放射診斷科,放射腫瘤科,解剖病理科,急診醫學科,整形外科,牙醫一般科,中醫一般科,",高雄市燕巢區角宿里20鄰義大路21號,120.365844,22.765915
1107320017,義大醫療財團法人義大大昌醫院,5599123,高雄市三民區,高雄市三民區大昌一路305號地下3樓至地上10樓、307號地上1樓、309號地下1樓至地上3樓、309號地上6樓至地上10樓及311號地下1樓至地上1樓,"家庭醫學科,內科,外科,兒科,婦產科,骨科,神經科,神經外科,泌尿科,耳鼻喉科,皮膚科,精神科,復健科,麻醉科,放射診斷科,急診醫學科,整形外科,牙醫一般科,中醫一般科,",高雄市三民區灣子里17鄰大昌一路305號,120.319936,22.657575
1107350015,天主教聖功醫療財團法人聖功醫院,07 2238153,高雄市苓雅區,高雄市苓雅區建國一路352號,"家庭醫學科,內科,外科,兒科,婦產科,骨科,神經科,泌尿科,耳鼻喉科,精神科,復健科,麻醉科,放射診斷科,急診醫學科,牙醫一般科,中醫一般科,",高雄市苓雅區民主里3鄰建國一路352號,120.323927,22.633118
1121010018,台灣基督長老教會新樓醫療財團法人台南新樓醫院,06-2748316,臺南市東區,臺南市東區東門路1段57號,"家庭醫學科,內科,外科,兒科,婦產科,骨科,神經科,神經外科,泌尿科,耳鼻喉科,眼科,皮膚科,精神科,復健科,麻醉科,放射診斷科,放射腫瘤科,解剖病理科,核子醫學科,急診醫學科,整形外科,職業醫學科,牙醫一般科,中醫一般科,",臺南市東區東門里6鄰東門路一段57號,120.212807,22.989158
3501176168,太陽雨信義身心診所,,,臺北市信義區莊敬路176號,,,121.560796,25.031409
5901102999,廣福中西藥局,,,臺北市中山區錦州街406號,,,121.541659,25.060113
5901103996,艾禾藥局,,,臺北市中山區大直街63號,,,121.546436,25.08353
5901163312,秝安藥局,,,臺北市北投區石牌路一段69號,,,121.51108,25.113565
5901184919,和平藥局,,,臺北市中正區中華路2段43號1樓,,,121.506373,25.035081
5901203740,健安藥局,,,臺北市文山區景興路165號,,,121.544663,24.993463
5901203777,興隆藥局,,,臺北市文山區興隆路3段84號2樓,,,121.556685,24.999694
5911040228,大田大藥局,,,基隆市仁愛區仁二路五號,,,121.750704,25.127443
5911071607,家安藥師藥局,,,基隆市信義區信二路257號,,,121.74776,25.130103
5931161513,苗園健保特約藥局,,,新北市泰山區仁愛路92號1,,,121.433145,25.055337
3537014255,好事彰化身心醫學診所,,,彰化縣彰化市民生路233號,,,120.542609,24.080248
5903271264,櫻嘉藥局,,,臺中市西屯區櫻花路107號,,,120.651002,24.170652
5937012671,康好健保藥局,,,彰化縣彰化市光南里旭光路291號,,,120.544026,24.070723
5938011614,廣元藥局,,,南投縣南投市民族路225號,,,120.68804,23.908899
5938050120,家禾藥局,,,南投縣集集鎮民生路237號,,,120.779007,23.826739
1103280012,醫療財團法人正德癌症醫療基金會佛教正德醫院,04-37026588,臺中市南屯區,臺中市南屯區文心南五路三段100號,"家庭醫學科,內科,外科,復健科,放射診斷科,中醫一般科,",臺中市南屯區永定里7鄰文心南五路三段100號,120.630926,24.143208
1117010019,仁愛醫療財團法人台中仁愛醫院,04 22255450,臺中市中區,臺中市中區柳川里柳川東路三段三十六號,"家庭醫學科,內科,外科,骨科,復健科,放射診斷科,",臺中市中區柳川里8鄰柳川東路三段36號,120.677941,24.143363
1136090519,佛教慈濟醫療財團法人台中慈濟醫院,04-36060666,臺中市潭子區,臺中市潭子區豐興路一段66、88號,"家庭醫學科,內科,外科,兒科,婦產科,骨科,神經科,神經外科,泌尿科,耳鼻喉科,眼科,精神科,復健科,麻醉科,放射診斷科,放射腫瘤科,解剖病理科,臨床病理科,核子醫學科,急診醫學科,整形外科,職業醫學科,西醫一般科,牙醫一般科,中醫一般科,",臺中市潭子區聚興里17鄰豐興路一段595號,120.722397,24.204014
